<?xml version="1.0" encoding="UTF-8"?>
<!DOCTYPE mapper PUBLIC '-//mybatis.org//DTD Mapper 3.0//EN'
  'http://mybatis.org/dtd/mybatis-3-mapper.dtd'>

<mapper namespace="com.webservice.rest.mapping.EmployeeMapper">

	<resultMap type="com.webservice.rest.model.Employee" id="EmployeeResult">
		<id property="emp_id" column="emp_id" />
		<result property="emp_name" column="emp_name" />
		<result property="emp_salary" column="emp_salary" />
		<result property="project_id" column="project_id" />
		<result property="emp_email" column="emp_email" />
	</resultMap>

	<select id="getAllEmployees" resultMap="EmployeeResult">
		SELECT * FROM Employee
	</select>

	<select id="getEmployeeById" parameterType="int"
		resultType="com.webservice.rest.model.Employee">
		SELECT
		emp_id,
		emp_name,
		emp_salary,
		project_id,
		emp_email
		FROM
		Employee
		WHERE emp_id = #{emp_id}
	</select>

	<select id="getAllEmployeeInProject" parameterType="String"
		resultType="com.webservice.rest.model.Employee">
		SELECT
		emp_id,
		emp_name,
		emp_salary,
		emp_email
		FROM
		Employee
		WHERE project_id = #{project_id}
	</select>

	<insert id="insertEmployee" parameterType="Employee"
		useGeneratedKeys="true" keyProperty="emp_id">
		INSERT INTO
		Employee(emp_id,emp_name,emp_salary,project_id,emp_email)
		VALUES(#{emp_id},#{emp_name},#{emp_salary},#{project_id},#{emp_email})
	</insert>

	<update id="updateEmployee" parameterType="Employee"> UPDATE Employee
		SET
		emp_name= #{emp_name}, emp_salary = #{emp_salary}, project_id =
		#{project_id}, emp_email = #{emp_email}
		WHERE emp_id = #{emp_id}
	</update>

	<delete id="deleteEmployee" parameterType="int">
		DELETE FROM
		Employee
		WHERE emp_id = #{emp_id}
	</delete>

<!-- SQL query for retrive Total project payment -->
	<select id="getSumSalariesOnProject" resultMap="EmployeeResult">
		SELECT
		project_id,sum(emp_salary) "Total Salary",count(emp_id)
		"NumberOfEmployess" from employee group by project_id
	</select>

</mapper>