<?xml version="1.0" encoding="UTF-8"?>
<!DOCTYPE mapper PUBLIC '-//mybatis.org//DTD Mapper 3.0//EN'
  'http://mybatis.org/dtd/mybatis-3-mapper.dtd'>

<mapper namespace="com.webservice.rest.mapping.ProjectManagerMapper">

	<resultMap type="com.webservice.rest.model.ProjectManager" id="ProjectManagerResult">
		<id property="id" column="id" />
		<result property="name" column="name" />
		<result property="email" column="email" />
		<result property="contact_number" column="contact_number" />
		<!-- <association property="Project" resultMap="ProjectResult" /> -->
	</resultMap>

	<resultMap type="com.webservice.rest.model.Project" id="ProjectResult">
		<id property="project_id" column="project_id" />
		<result property="project_name" column="project_name" />
		<result property="project_location" column="project_location" />
		<result property="pmanager_id" column="Manager_id" />
		<association property="Employee" resultMap="EmployeeResult" />
	</resultMap> 

	<resultMap type="com.webservice.rest.model.Employee" id="EmployeeResult">
		<id property="emp_id" column="emp_id" />
		<result property="emp_name" column="emp_name" />
		<result property="emp_salary" column="emp_salary" />
		<result property="project_id" column="project_id" />
		<result property="emp_email" column="emp_email" /> 
	</resultMap>
	
	

	<select id="getAllManagers" resultMap="ProjectManagerResult">
		SELECT * FROM projectmanager
	</select>

	<select id="getEmployeeByManagerId" parameterType='int'
		resultMap="EmployeeResult">
		<!-- select projectmanager.id,project.project_id,employee.emp_id,employee.emp_name 
			from projectmanager join project on projectmanager.id=project.project_id 
			join employee on project.project_id=employee.project_id where projectmanager.id=#{PMid} -->
		select
		employee.emp_id,employee.emp_name
		from employee
		join project join
		projectmanager on employee.project_id = project.project_id and
		project.Manager_id= projectmanager.id
		where project.Manager_id=#{id}
	</select>

	<select id="getManagerById" parameterType="int"
		resultType="com.webservice.rest.model.ProjectManager">
		SELECT
		id,
		name,
		email,
		contact_number
		FROM
		projectmanager
		WHERE id = #{id}
	</select>


	<insert id="insertManager" parameterType="ProjectManager"
		useGeneratedKeys="true" keyProperty="id">
		INSERT INTO
		PROJECTMANAGER(id,name,email,contact_number)
		VALUES(#{id},#{name},#{email},
		#{contact_number})
	</insert>

	<update id="updateManager" parameterType="ProjectManager"> UPDATE PROJECTMANAGER
		SET name= #{name}, email = #{email}, contact_number =
		#{contact_number}
		WHERE id = #{id}
	</update>

	<delete id="deleteManager" parameterType="int">
		DELETE FROM
		PROJECTMANAGER WHERE id = #{id}
	</delete>

</mapper>