<?xml version="1.0" encoding="UTF-8"?>
<!DOCTYPE mapper PUBLIC '-//mybatis.org//DTD Mapper 3.0//EN'
 'http://mybatis.org/dtd/mybatis-3-mapper.dtd'>

<mapper namespace="com.webservice.rest.mapping.ProjectMapper">

	<resultMap type="com.webservice.rest.model.Project" id="ProjectResult">
		<id property="project_id" column="project_id" />
		<result property="project_name" column="project_name" />
		<result property="project_location" column="project_location" />
		<result property="pmanager_id" column="Manager_id" />
	</resultMap>

	<select id="getAllProjects" resultMap="ProjectResult">
		SELECT * FROM Project
	</select>

	<select id="getProjectById" parameterType="String"
		resultType="com.webservice.rest.model.Project">
		SELECT
		project_id,
		project_name,
		project_location,
		Manager_id
		FROM
		project
		WHERE project_id = #{project_id}
	</select>

	<select id="getAllProjectByManagerId" parameterType="int"
		resultMap="ProjectResult">
		SELECT
		project_id,
		project_name,
		project_location
		FROM
		project
		WHERE Manager_id =
		#{pmanager_id}
	</select>

	<insert id="insertProject" parameterType="Project"
		useGeneratedKeys="true" keyProperty="project_id">
		INSERT INTO
		Project(project_id,project_name,project_location,Manager_id)
		VALUES(#{project_id},#{project_name},#{project_location},#{pmanager_id})
	</insert>

	<update id="updateProject" parameterType="Project"> UPDATE Project
		SET
		project_name= #{project_name}, project_location =
		#{project_location},
		Manager_id = #{pmanager_id}
		WHERE project_id = #{project_id}
	</update>

	<delete id="deleteProject" parameterType="String">
		DELETE FROM
		Project
		WHERE project_id = #{project_id}
	</delete>

</mapper>