<?xml version="1.0" encoding="UTF-8"?>
<!DOCTYPE mapper PUBLIC '-//mybatis.org//DTD Mapper 3.0//EN'
  'http://mybatis.org/dtd/mybatis-3-mapper.dtd'>

<mapper namespace="com.webservice.rest.mapping.ServiceMapper">

	<resultMap type="com.webservice.rest.model.Employee" id="ServiceEmployeeResult">
		<id property="emp_id" column="emp_id" />
		<result property="emp_name" column="emp_name" />
		<result property="emp_salary" column="emp_salary" />
		<result property="project_id" column="project_id" />
		<result property="emp_email" column="emp_email" />
	</resultMap>


	<select id="getSumSalariesOnProject" resultMap="ServiceEmployeeResult">
		SELECT project_id,sum(emp_salary) "Total Salary",count(emp_id) "NumberOfEmployess" from employee group by project_id
	</select>
	
</mapper>