<?xml version="1.0" encoding="UTF-8"?>
<!DOCTYPE configuration PUBLIC "-//mybatis.org//DTD Config 3.0//EN" "http://mybatis.org/dtd/mybatis-3-config.dtd">

<configuration>
	<typeAliases>
		<typeAlias type="com.webservice.rest.model.ProjectManager"
			alias="ProjectManager"></typeAlias>
		<typeAlias type="com.webservice.rest.model.Project" alias="Project"></typeAlias>
		<typeAlias type="com.webservice.rest.model.Employee" alias="Employee"></typeAlias>
	</typeAliases>

	<environments default="development">
		<environment id="development">
			<transactionManager type="JDBC" />
			<dataSource type="POOLED">
				<property name="driver" value="com.mysql.jdbc.Driver" />
				<property name="url" value="jdbc:mysql://localhost:3306/dell_assignment" />
				<property name="username" value="root" />
				<property name="password" value="" />
			</dataSource>
		</environment>
	</environments>

	<mappers>
		<mapper resource="mappingXml/projectManagerMapping.xml" />
		<mapper resource="mappingXml/projectMapping.xml" />
		<mapper resource="mappingXml/employeeMapping.xml" />
		

	</mappers>
</configuration>
